DATE,TIME,MHz,CPU_0,CPU_1,CPU_2,CPU_3,LOAD%,GPU
05/13/18,12:45:25,3984.00,62,59,64,60,4.0,55
05/13/18,12:45:26,3984.00,61,80,60,62,3.2,55
05/13/18,12:45:27,3984.00,62,63,62,82,3.7,56
05/13/18,12:45:28,3984.00,57,56,57,58,1.9,56
05/13/18,12:45:29,3984.00,56,57,57,57,1.2,56
05/13/18,12:45:30,3984.00,56,55,57,56,1.3,56
05/13/18,12:45:31,3984.00,56,55,56,56,1.3,56
05/13/18,12:45:32,3984.00,56,54,56,56,1.3,56
05/13/18,12:45:33,3984.00,61,58,61,60,3.2,56
05/13/18,12:45:34,3984.00,61,83,60,62,3.6,55
05/13/18,12:45:36,3984.00,81,63,69,82,6.7,56
05/13/18,12:45:36,3984.00,89,64,71,65,6.3,57
05/13/18,12:45:37,3984.00,83,66,70,85,6.2,56
05/13/18,12:45:39,3984.00,66,85,67,90,6.3,56
05/13/18,12:45:39,3984.00,67,64,67,65,6.2,56
05/13/18,12:45:40,3984.00,64,62,64,64,2.7,59
05/13/18,12:45:41,3984.00,66,65,66,67,2.7,60
05/13/18,12:45:42,3984.00,64,62,64,64,4.0,62
05/13/18,12:45:43,3984.00,63,61,63,63,2.4,62
05/13/18,12:45:44,3984.00,64,62,64,64,2.1,62
05/13/18,12:45:45,3984.00,64,62,64,64,2.1,62
05/13/18,12:45:46,3984.00,64,65,64,63,2.0,62
05/13/18,12:45:47,3984.00,63,64,62,64,2.5,62
05/13/18,12:45:48,3984.00,85,65,84,66,3.0,59
05/13/18,12:45:49,3984.00,66,67,66,82,3.6,59
05/13/18,12:45:50,3984.00,79,69,72,79,7.5,61
05/13/18,12:45:51,3984.00,71,67,73,78,6.2,64
05/13/18,12:45:52,3984.00,67,64,66,65,4.6,65
05/13/18,12:45:53,3984.00,67,63,66,64,2.7,65
05/13/18,12:45:54,3984.00,65,63,66,65,2.4,65
05/13/18,12:45:55,3984.00,66,63,66,66,2.1,65
05/13/18,12:45:56,3984.00,68,65,66,66,2.2,66
05/13/18,12:45:57,3984.00,65,63,65,64,2.6,66
05/13/18,12:45:58,3984.00,68,65,66,66,2.2,66
05/13/18,12:45:59,3984.00,67,64,66,66,2.4,66
05/13/18,12:46:00,3984.00,68,65,67,66,3.3,64
05/13/18,12:46:01,3984.00,66,64,66,65,2.8,66
05/13/18,12:46:02,3984.00,77,70,70,69,3.7,62
05/13/18,12:46:03,3984.00,67,65,67,66,3.3,65
05/13/18,12:46:04,3984.00,68,65,67,66,2.7,66
05/13/18,12:46:05,3984.00,68,64,66,66,2.5,66
05/13/18,12:46:06,3984.00,69,65,67,66,2.7,67
05/13/18,12:46:07,3984.00,68,66,67,65,2.7,67
05/13/18,12:46:08,3984.00,68,66,66,66,2.9,67
05/13/18,12:46:09,3984.00,68,67,67,66,2.7,67
05/13/18,12:46:10,3984.00,67,66,66,66,2.6,67
05/13/18,12:46:11,3984.00,69,66,67,67,2.6,67
05/13/18,12:46:12,3984.00,69,67,67,67,2.8,67
05/13/18,12:46:13,3984.00,68,65,67,67,2.5,67
05/13/18,12:46:14,3984.00,70,68,68,67,2.5,67
05/13/18,12:46:15,3984.00,69,67,67,66,2.5,67
05/13/18,12:46:16,3984.00,69,66,67,67,2.7,67
05/13/18,12:46:17,3984.00,69,66,67,67,2.7,67
05/13/18,12:46:18,3984.00,69,66,67,67,2.7,68
05/13/18,12:46:19,3984.00,69,66,67,67,2.5,68
05/13/18,12:46:20,3984.00,67,66,67,67,2.6,68
05/13/18,12:46:21,3984.00,68,65,67,67,2.4,68
05/13/18,12:46:22,3984.00,69,67,69,67,2.7,68
05/13/18,12:46:23,3984.00,69,66,68,67,2.5,68
05/13/18,12:46:24,3984.00,68,65,67,67,2.7,68
05/13/18,12:46:25,3984.00,70,66,68,67,2.7,68
05/13/18,12:46:26,3984.00,70,67,68,67,2.6,68
05/13/18,12:46:27,3984.00,70,67,68,67,2.4,68
05/13/18,12:46:28,3984.00,72,68,69,67,2.6,68
05/13/18,12:46:29,3984.00,69,67,67,68,2.6,68
05/13/18,12:46:30,3984.00,70,67,68,67,2.5,68
05/13/18,12:46:31,3984.00,69,67,68,67,2.6,68
05/13/18,12:46:32,3984.00,69,67,68,67,2.6,68
05/13/18,12:46:33,3984.00,72,67,68,67,2.8,68
05/13/18,12:46:34,3984.00,70,67,69,67,2.5,68
05/13/18,12:46:35,3984.00,69,66,68,67,2.7,68
05/13/18,12:46:36,3984.00,69,66,67,67,2.5,68
05/13/18,12:46:37,3984.00,68,65,67,66,2.9,69
05/13/18,12:46:38,3984.00,68,66,67,67,3.1,68
05/13/18,12:46:39,3984.00,67,65,66,65,2.9,68
05/13/18,12:46:40,3984.00,66,65,66,66,2.9,68
05/13/18,12:46:41,3984.00,67,65,66,66,3.0,68
05/13/18,12:46:42,3983.99,66,65,66,66,3.1,68
05/13/18,12:46:43,3983.99,66,65,66,66,3.0,68
05/13/18,12:46:44,3983.99,66,64,66,65,2.9,68
05/13/18,12:46:45,3983.99,67,64,66,65,3.0,68
05/13/18,12:46:46,3983.99,67,64,66,65,2.8,68
05/13/18,12:46:47,3983.99,67,64,66,65,2.9,68
05/13/18,12:46:48,3983.99,66,64,66,65,2.8,68
05/13/18,12:46:49,3983.99,66,64,66,66,2.9,68
05/13/18,12:46:50,3983.99,65,64,65,65,2.9,68
05/13/18,12:46:51,3983.99,66,64,66,65,3.1,67
05/13/18,12:46:52,3983.99,66,64,66,65,2.9,67
05/13/18,12:46:53,3983.99,66,65,66,66,3.0,67
05/13/18,12:46:54,3983.99,65,65,65,66,2.9,67
05/13/18,12:46:55,3983.99,65,63,65,65,3.0,67
05/13/18,12:46:56,3983.99,65,65,66,65,2.9,67
05/13/18,12:46:57,3983.99,65,63,65,64,2.9,67
05/13/18,12:46:58,3983.99,66,63,65,65,2.9,67
05/13/18,12:46:59,3983.99,66,64,66,65,3.0,67
05/13/18,12:47:00,3983.99,66,65,65,64,2.9,67
05/13/18,12:47:01,3984.00,66,63,65,64,2.9,67
05/13/18,12:47:02,3984.00,66,63,65,65,2.9,67
05/13/18,12:47:03,3984.00,65,63,65,65,2.8,67
05/13/18,12:47:04,3984.00,65,64,64,65,2.8,67
05/13/18,12:47:05,3984.00,66,64,64,64,3.0,67
05/13/18,12:47:06,3984.00,66,64,65,64,3.0,67
05/13/18,12:47:07,3984.00,65,63,64,65,3.0,67
05/13/18,12:47:08,3984.00,65,63,64,65,3.0,67
05/13/18,12:47:09,3984.00,65,63,66,64,3.1,67
05/13/18,12:47:10,3984.00,65,63,64,64,2.8,67
05/13/18,12:47:11,3984.00,65,63,65,64,2.8,67
05/13/18,12:47:12,3984.00,64,63,64,64,3.0,67
05/13/18,12:47:13,3984.00,65,64,65,64,2.9,67
05/13/18,12:47:14,3984.00,66,63,64,64,3.0,67
05/13/18,12:47:15,3984.00,65,63,65,64,2.7,67
05/13/18,12:47:16,3984.00,65,64,64,64,3.4,67
05/13/18,12:47:17,3984.00,66,63,65,64,3.1,67
05/13/18,12:47:18,3984.00,64,63,65,65,2.9,67
05/13/18,12:47:19,3984.00,65,63,64,64,2.9,67
05/13/18,12:47:20,3984.00,65,63,64,64,2.8,67
05/13/18,12:47:21,3984.00,65,64,64,65,2.7,67
05/13/18,12:47:22,3984.00,65,63,65,64,2.7,67
05/13/18,12:47:23,3984.00,65,63,64,65,3.0,67
05/13/18,12:47:24,3984.00,65,63,64,64,2.9,67
05/13/18,12:47:25,3984.00,64,63,64,64,2.8,67
05/13/18,12:47:26,3984.00,65,63,64,64,2.9,67
05/13/18,12:47:27,3984.00,65,63,64,65,3.0,67
05/13/18,12:47:28,3984.00,65,63,64,64,2.8,67
05/13/18,12:47:29,3984.00,65,63,65,64,2.9,67
05/13/18,12:47:30,3984.00,66,63,65,65,2.9,67
05/13/18,12:47:31,3984.00,65,63,65,65,2.7,67
05/13/18,12:47:32,3984.00,64,63,64,64,2.8,67
05/13/18,12:47:33,3984.00,66,63,66,64,2.7,67
05/13/18,12:47:34,3984.00,66,64,64,64,2.7,67
05/13/18,12:47:35,3984.00,66,63,65,64,2.8,67
05/13/18,12:47:36,3984.00,66,63,64,64,2.8,67
05/13/18,12:47:37,3984.00,65,63,64,65,2.8,67
05/13/18,12:47:38,3984.00,65,63,65,65,2.9,67
05/13/18,12:47:39,3984.00,65,64,65,64,2.8,67
05/13/18,12:47:40,3984.00,66,64,64,65,2.9,67
05/13/18,12:47:41,3984.00,65,65,65,64,2.8,67
05/13/18,12:47:42,3984.00,65,65,65,65,2.8,67
05/13/18,12:47:43,3984.00,65,63,65,65,2.8,67
05/13/18,12:47:44,3984.00,65,65,65,64,2.8,67
05/13/18,12:47:45,3984.00,65,65,65,65,2.8,67
05/13/18,12:47:46,3984.00,65,63,65,65,2.8,67
05/13/18,12:47:47,3984.00,65,66,65,65,2.8,67
05/13/18,12:47:48,3984.00,65,63,64,64,2.8,67
05/13/18,12:47:49,3984.00,65,63,64,64,2.7,67
05/13/18,12:47:50,3984.00,65,63,65,64,3.7,67
05/13/18,12:47:51,3984.00,65,63,65,65,3.0,67
05/13/18,12:47:52,3984.00,64,63,65,64,3.0,67
05/13/18,12:47:53,3984.00,65,63,64,64,2.8,67
05/13/18,12:47:54,3984.00,66,63,65,65,3.5,67
05/13/18,12:47:55,3984.00,65,63,65,64,2.9,67
05/13/18,12:47:56,3984.00,66,63,65,64,2.9,67
05/13/18,12:47:57,3984.00,65,63,64,64,2.8,67
05/13/18,12:47:58,3984.00,65,63,65,65,2.8,67
05/13/18,12:47:59,3984.00,65,63,64,64,3.1,67
05/13/18,12:48:00,3984.00,65,63,64,64,2.9,67
05/13/18,12:48:01,3984.00,66,63,64,64,2.7,67
05/13/18,12:48:02,3984.00,65,63,65,64,2.9,67
05/13/18,12:48:03,3984.00,65,63,64,64,2.7,67
05/13/18,12:48:04,3984.00,65,63,65,65,2.7,67
05/13/18,12:48:05,3984.00,65,63,64,64,2.8,67
05/13/18,12:48:06,3984.00,65,63,64,65,2.8,67
05/13/18,12:48:07,3984.00,65,64,65,64,3.1,67
05/13/18,12:48:08,3984.00,65,63,66,65,3.2,67
05/13/18,12:48:09,3984.00,65,63,65,64,3.3,67
05/13/18,12:48:10,3984.00,65,63,64,64,3.3,67
05/13/18,12:48:11,3984.00,65,63,64,64,2.9,67
05/13/18,12:48:12,3984.00,64,63,64,64,3.1,67
05/13/18,12:48:13,3984.00,65,63,64,65,3.0,67
05/13/18,12:48:14,3984.00,65,63,64,64,2.8,67
05/13/18,12:48:15,3984.00,65,63,64,64,3.1,67
05/13/18,12:48:16,3984.00,65,63,64,65,3.4,67
05/13/18,12:48:17,3984.00,65,63,64,64,2.9,67
05/13/18,12:48:18,3984.00,65,63,64,64,3.1,67
05/13/18,12:48:19,3984.00,66,63,65,64,3.0,67
05/13/18,12:48:20,3984.00,65,63,65,64,3.0,67
05/13/18,12:48:21,3984.00,65,63,64,64,2.9,67
05/13/18,12:48:22,3984.00,65,63,64,64,3.0,67
05/13/18,12:48:23,3984.00,65,63,64,64,2.9,67
05/13/18,12:48:24,3984.00,65,63,64,65,3.0,67
05/13/18,12:48:25,3984.00,66,63,64,65,3.1,67
05/13/18,12:48:26,3984.00,65,63,64,64,3.0,67
05/13/18,12:48:27,3984.00,66,63,64,64,3.0,67
05/13/18,12:48:28,3984.00,65,63,64,64,3.5,67
05/13/18,12:48:29,3984.00,65,63,64,64,3.1,67
05/13/18,12:48:30,3984.00,65,63,64,64,3.1,67
05/13/18,12:48:31,3984.00,65,63,64,64,3.1,67
05/13/18,12:48:32,3984.00,65,63,64,64,3.1,67
05/13/18,12:48:33,3984.00,64,63,64,64,2.9,67
05/13/18,12:48:34,3984.00,65,63,64,64,3.6,67
05/13/18,12:48:35,3984.00,64,63,65,65,3.1,67
05/13/18,12:48:36,3984.00,66,63,65,64,3.0,67
05/13/18,12:48:37,3984.00,65,63,64,64,3.1,67
05/13/18,12:48:38,3984.00,67,67,69,67,3.9,65
05/13/18,12:48:39,3984.00,67,66,65,67,9.6,65
05/13/18,12:48:40,3984.00,64,63,63,66,8.0,66
05/13/18,12:48:41,3984.00,65,62,64,64,7.4,66
05/13/18,12:48:42,3984.00,66,63,64,65,6.8,62
05/13/18,12:48:43,3984.00,61,60,61,62,4.5,62
05/13/18,12:48:44,3984.00,61,60,61,62,1.1,62
05/13/18,12:48:45,3984.00,62,60,60,61,1.2,62
05/13/18,12:48:46,3984.00,61,59,61,62,1.1,62
05/13/18,12:48:47,3984.00,60,58,59,60,1.0,62
05/13/18,12:48:48,3984.00,60,59,59,59,1.2,62
05/13/18,12:48:49,3984.00,58,57,58,59,0.9,62
05/13/18,12:48:50,3984.00,57,56,58,58,0.9,62
05/13/18,12:48:51,3984.00,58,56,57,57,0.9,62
05/13/18,12:48:52,3984.00,58,56,57,57,1.0,62
05/13/18,12:48:53,3984.00,57,56,57,57,0.7,62
05/13/18,12:48:54,3984.00,55,54,56,56,0.9,62
05/13/18,12:48:55,3984.00,56,54,56,56,0.9,62
05/13/18,12:48:56,3984.00,55,54,56,56,0.9,62
05/13/18,12:48:57,3984.00,54,53,56,55,0.9,62
05/13/18,12:48:58,3984.00,54,53,56,54,0.9,62
05/13/18,12:48:59,3984.00,54,52,55,54,0.9,62
05/13/18,12:49:00,3984.00,54,52,54,54,1.1,62
05/13/18,12:49:01,3984.00,53,52,54,53,1.0,62
05/13/18,12:49:02,3984.00,53,52,54,53,1.0,62
05/13/18,12:49:03,3984.00,53,51,54,53,0.8,62
05/13/18,12:49:04,3984.00,53,51,52,53,0.9,62
05/13/18,12:49:05,3984.00,52,50,52,52,1.0,62
05/13/18,12:49:06,3984.00,52,51,53,52,1.0,62
05/13/18,12:49:07,3984.00,52,49,52,52,0.8,62
05/13/18,12:49:08,3984.00,51,49,52,52,0.9,62
05/13/18,12:49:09,3984.00,52,49,51,51,1.1,62
05/13/18,12:49:10,3984.00,51,49,51,51,0.9,62
05/13/18,12:49:11,3984.00,52,49,51,50,1.0,62
05/13/18,12:49:12,3984.00,51,49,51,50,1.0,62
05/13/18,12:49:13,3984.00,50,49,50,50,1.1,62
05/13/18,12:49:14,3984.00,50,49,50,50,0.8,62
05/13/18,12:49:15,3984.00,51,49,50,50,0.9,62
05/13/18,12:49:16,3984.00,51,48,51,50,0.9,62
05/13/18,12:49:17,3984.00,51,48,50,50,0.9,62
05/13/18,12:49:18,3984.00,50,48,50,49,1.0,62
05/13/18,12:49:19,3984.00,50,48,50,49,0.8,62
05/13/18,12:49:20,3984.00,50,48,50,49,0.8,62
05/13/18,12:49:21,3984.00,49,48,50,50,0.8,62
05/13/18,12:49:22,3984.00,49,48,49,49,0.9,62
05/13/18,12:49:23,3984.00,49,48,49,50,0.9,62
05/13/18,12:49:24,3984.00,48,47,49,49,1.0,62
05/13/18,12:49:25,3984.00,49,47,49,49,1.0,62
05/13/18,12:49:26,3984.00,48,47,49,48,1.0,62
05/13/18,12:49:27,3984.00,48,47,48,49,1.0,62
05/13/18,12:49:28,3984.00,48,46,49,49,0.8,62
05/13/18,12:49:29,3984.00,48,46,49,48,0.9,62
05/13/18,12:49:30,3984.00,48,46,49,49,1.0,62
05/13/18,12:49:31,3984.00,48,46,48,48,1.0,62
05/13/18,12:49:32,3984.00,47,46,47,48,0.8,62
05/13/18,12:49:33,3984.00,48,46,48,48,0.9,62
05/13/18,12:49:34,3984.00,47,46,48,47,0.8,62
05/13/18,12:49:35,3984.00,47,46,47,47,1.0,62
05/13/18,12:49:36,3984.00,48,45,48,47,0.9,62
05/13/18,12:49:37,3984.00,47,46,48,47,1.1,62
05/13/18,12:49:38,3984.00,48,46,48,47,0.9,62
05/13/18,12:49:39,3984.00,47,45,48,47,1.0,62
05/13/18,12:49:40,3984.00,47,45,47,47,0.9,62
05/13/18,12:49:41,3984.00,46,45,47,47,1.0,62
05/13/18,12:49:42,3984.00,49,47,49,49,1.6,62
05/13/18,12:49:43,3983.99,52,48,51,50,3.2,62
05/13/18,12:49:44,3983.99,48,46,49,49,1.1,62
05/13/18,12:49:45,3983.99,49,46,48,48,0.9,62
05/13/18,12:49:46,3983.99,48,46,48,48,0.9,62
05/13/18,12:49:47,3983.99,48,47,48,48,0.9,62
05/13/18,12:49:48,3983.99,50,48,50,50,1.0,62
05/13/18,12:49:49,3983.99,48,47,48,48,0.9,62
05/13/18,12:49:50,3983.99,49,48,48,48,0.9,62
05/13/18,12:49:51,3983.99,48,46,47,47,1.1,62
05/13/18,12:49:52,3983.99,47,45,47,47,1.0,62
05/13/18,12:49:53,3983.99,47,45,47,47,0.9,62
05/13/18,12:49:54,3983.99,46,46,47,47,1.0,62
05/13/18,12:49:55,3983.99,48,45,47,47,0.9,62
05/13/18,12:49:56,3984.00,47,46,47,48,0.9,62
05/13/18,12:49:57,3984.00,47,45,47,47,0.9,62
05/13/18,12:49:58,3984.00,47,45,47,47,0.9,62
05/13/18,12:49:59,3984.00,46,45,48,47,0.9,62
05/13/18,12:50:00,3984.00,47,45,47,47,0.8,62
05/13/18,12:50:01,3984.00,46,45,47,46,1.0,62
05/13/18,12:50:02,3984.00,46,45,47,47,1.0,62
05/13/18,12:50:03,3984.00,46,44,47,47,0.9,62
05/13/18,12:50:04,3984.00,46,44,47,46,1.0,62
05/13/18,12:50:05,3984.00,46,45,47,46,0.9,62
05/13/18,12:50:06,3984.00,46,45,47,46,1.0,62
05/13/18,12:50:07,3984.00,46,44,47,46,0.9,62
05/13/18,12:50:08,3984.00,46,44,47,46,1.0,62
05/13/18,12:50:09,3984.00,46,44,47,47,0.9,62
05/13/18,12:50:10,3984.00,46,44,46,46,1.0,62
05/13/18,12:50:11,3984.00,46,44,47,47,0.9,62
05/13/18,12:50:12,3984.00,46,44,46,47,1.0,62
05/13/18,12:50:13,3984.00,45,44,46,45,0.9,62
05/13/18,12:50:14,3984.00,45,44,47,45,1.0,62
05/13/18,12:50:15,3984.00,46,44,46,46,0.9,62
05/13/18,12:50:16,3984.00,46,44,45,46,1.0,62
05/13/18,12:50:17,3984.00,45,43,46,46,0.8,62
05/13/18,12:50:18,3984.00,45,43,46,46,1.0,62
05/13/18,12:50:19,3984.00,45,43,45,46,0.9,62
05/13/18,12:50:20,3984.00,45,43,45,46,0.9,62
05/13/18,12:50:21,3984.00,46,44,47,47,0.9,62
05/13/18,12:50:22,3984.00,45,43,46,45,0.9,62
05/13/18,12:50:23,3984.00,45,43,46,45,1.1,62
05/13/18,12:50:24,3984.00,45,43,45,46,1.0,62
05/13/18,12:50:25,3984.00,45,43,45,46,0.9,62
05/13/18,12:50:26,3984.00,45,43,45,46,1.0,62
05/13/18,12:50:27,3984.00,45,43,45,46,0.8,62
05/13/18,12:50:28,3984.00,45,43,45,46,0.9,62
05/13/18,12:50:29,3984.00,45,43,46,45,0.9,62
05/13/18,12:50:30,3984.00,45,43,46,45,0.9,62
05/13/18,12:50:31,3984.00,45,43,46,45,0.9,62
05/13/18,12:50:32,3984.00,45,43,46,46,0.9,62
05/13/18,12:50:33,3984.00,45,43,45,45,0.9,62
05/13/18,12:50:34,3984.00,45,43,45,45,0.9,62
05/13/18,12:50:35,3984.00,45,43,45,45,0.9,62
05/13/18,12:50:36,3984.00,45,43,45,45,1.0,62
05/13/18,12:50:37,3984.00,45,43,45,45,0.9,62
05/13/18,12:50:38,3984.00,45,42,45,46,0.9,62
05/13/18,12:50:39,3984.00,45,42,45,46,0.9,62
05/13/18,12:50:40,3984.00,45,43,46,45,0.9,62
05/13/18,12:50:41,3984.00,45,43,45,45,0.9,62
05/13/18,12:50:42,3984.00,45,43,45,45,1.0,62
05/13/18,12:50:43,3984.00,44,42,45,45,0.8,62
05/13/18,12:50:44,3984.00,45,42,45,44,1.0,62
05/13/18,12:50:45,3984.00,44,43,45,44,0.9,62
05/13/18,12:50:46,3984.00,44,43,45,44,1.0,62
05/13/18,12:50:47,3984.00,45,43,45,45,0.9,62
05/13/18,12:50:48,3984.00,44,43,46,46,0.9,62
05/13/18,12:50:49,3984.00,44,43,46,45,0.9,62
05/13/18,12:50:50,3984.00,44,44,46,44,0.8,62
05/13/18,12:50:51,3984.00,45,42,45,45,0.9,62
05/13/18,12:50:52,3984.00,45,43,45,45,0.9,62
05/13/18,12:50:53,3984.00,44,43,46,45,0.9,62
05/13/18,12:50:54,3984.00,44,43,45,45,0.9,62
05/13/18,12:50:55,3984.00,44,42,45,44,0.9,62
05/13/18,12:50:56,3984.00,45,42,46,44,0.9,62
05/13/18,12:50:57,3984.00,44,43,45,45,1.3,62
05/13/18,12:50:58,3984.00,44,42,45,45,1.0,62
05/13/18,12:50:59,3984.00,44,43,45,45,0.9,62
05/13/18,12:51:00,3984.00,44,42,45,44,0.9,62
05/13/18,12:51:01,3984.00,44,43,45,45,0.9,62
05/13/18,12:51:02,3984.00,44,42,46,44,1.0,62
05/13/18,12:51:03,3984.00,44,42,45,45,0.9,62
05/13/18,12:51:04,3984.00,44,42,44,44,0.8,62
05/13/18,12:51:05,3984.00,44,43,45,44,0.9,62
05/13/18,12:51:06,3984.00,44,42,46,44,1.0,62
05/13/18,12:51:07,3984.00,45,43,45,44,1.0,62
05/13/18,12:51:08,3984.00,45,43,45,44,0.9,62
05/13/18,12:51:09,3984.00,44,43,45,45,1.0,62
05/13/18,12:51:10,3984.00,45,42,45,44,0.9,62
05/13/18,12:51:11,3984.00,44,42,45,44,1.0,62
05/13/18,12:51:12,3984.00,44,42,45,46,0.8,62
05/13/18,12:51:13,3984.00,44,43,45,45,0.8,62
05/13/18,12:51:14,3984.00,44,42,45,44,1.0,62
05/13/18,12:51:15,3984.00,44,43,45,45,1.6,62
05/13/18,12:51:16,3984.00,45,43,46,45,0.9,62
05/13/18,12:51:17,3984.00,44,43,45,44,0.9,62
05/13/18,12:51:18,3984.00,45,43,45,45,0.9,62
05/13/18,12:51:19,3984.00,44,42,45,45,0.8,62
05/13/18,12:51:20,3984.00,45,43,45,45,1.0,62
05/13/18,12:51:21,3984.00,44,42,46,46,0.9,62
05/13/18,12:51:22,3964.08,44,42,45,45,1.0,62
05/13/18,12:51:23,3984.00,45,43,44,44,1.0,62
05/13/18,12:51:24,3984.00,45,43,45,45,0.9,62
05/13/18,12:51:25,3984.00,45,43,45,44,0.9,62
05/13/18,12:51:26,3984.00,45,43,45,44,0.9,62
05/13/18,12:51:27,3984.00,44,43,45,44,1.0,62
05/13/18,12:51:28,3984.00,45,43,45,44,0.9,62
05/13/18,12:51:29,3984.00,44,42,45,44,0.9,62
05/13/18,12:51:30,3984.00,44,42,45,44,1.0,62
05/13/18,12:51:31,3984.00,44,42,45,45,1.0,62
05/13/18,12:51:32,3984.00,44,42,45,45,1.0,62
05/13/18,12:51:33,3984.00,45,44,46,46,1.1,62
05/13/18,12:51:34,3984.00,45,43,45,45,1.2,62
05/13/18,12:51:35,3984.00,45,43,46,45,3.1,62
05/13/18,12:51:36,3984.00,45,44,46,46,1.4,62
05/13/18,12:51:37,3984.00,45,43,46,45,1.2,62
05/13/18,12:51:38,3984.00,45,43,45,45,1.1,62
05/13/18,12:51:39,3984.00,45,43,45,44,1.1,62
05/13/18,12:51:40,3984.00,44,42,46,46,0.9,62
05/13/18,12:51:41,3984.00,45,43,46,45,1.3,62
05/13/18,12:51:42,3984.00,48,49,49,50,1.8,62
05/13/18,12:51:43,3984.00,45,43,46,45,1.7,62
05/13/18,12:51:44,3984.00,45,43,46,45,1.0,62
05/13/18,12:51:45,3984.00,45,43,46,46,1.0,62
05/13/18,12:51:46,3984.00,45,43,45,45,0.9,62
05/13/18,12:51:47,3984.00,45,43,46,45,0.9,62
05/13/18,12:51:48,3984.00,45,43,46,45,0.9,62
05/13/18,12:51:49,3984.00,45,43,45,46,0.9,62
05/13/18,12:51:50,3984.00,45,43,46,45,1.1,62
05/13/18,12:51:51,3984.00,44,43,45,45,0.9,62
05/13/18,12:51:52,3984.00,50,46,51,52,1.1,62
05/13/18,12:51:53,3984.00,45,44,46,46,2.1,62
05/13/18,12:51:54,3984.00,46,45,46,46,1.4,62
05/13/18,12:51:55,3984.00,45,44,46,45,1.2,62
05/13/18,12:51:56,3984.00,45,44,46,45,1.0,62
05/13/18,12:51:57,3984.00,45,45,46,46,0.9,62
05/13/18,12:51:58,3984.00,44,46,46,46,0.9,62
05/13/18,12:51:59,3984.00,45,43,46,45,1.3,62
05/13/18,12:52:00,3984.00,45,43,45,46,1.3,62
05/13/18,12:52:01,3984.00,45,43,46,45,0.9,62
05/13/18,12:52:02,3984.00,44,43,45,44,1.0,62
05/13/18,12:52:03,3984.00,45,43,45,45,1.0,62
05/13/18,12:52:04,3984.00,45,44,45,45,1.0,62
05/13/18,12:52:05,3984.00,45,43,45,45,0.9,62
05/13/18,12:52:06,3984.00,44,43,45,46,1.1,62
05/13/18,12:52:07,3984.00,45,43,45,46,1.0,62
05/13/18,12:52:08,3984.00,45,42,46,46,0.8,62
05/13/18,12:52:09,3984.00,45,43,45,44,1.0,62
05/13/18,12:52:10,3984.00,44,42,44,45,0.9,62
05/13/18,12:52:11,3984.00,45,42,44,44,1.0,62
05/13/18,12:52:12,3984.00,44,43,45,44,1.0,62
05/13/18,12:52:13,3984.00,45,43,45,44,0.8,62
05/13/18,12:52:14,3984.00,45,43,45,45,0.8,62
05/13/18,12:52:15,3984.00,45,42,45,44,1.0,62
05/13/18,12:52:16,3984.00,44,43,46,44,1.0,62
05/13/18,12:52:17,3984.00,45,42,45,44,1.0,62
05/13/18,12:52:18,3984.00,44,42,45,44,0.9,62
05/13/18,12:52:19,3984.00,45,43,45,44,0.8,62
05/13/18,12:52:20,3984.00,45,42,45,45,0.9,62
05/13/18,12:52:21,3984.00,45,43,45,45,1.0,62
05/13/18,12:52:22,3984.00,45,43,45,45,0.9,62
05/13/18,12:52:23,3984.00,45,42,45,45,0.9,62
05/13/18,12:52:24,3984.00,44,44,45,46,0.9,62
05/13/18,12:52:25,3984.00,44,43,44,44,1.0,62
05/13/18,12:52:26,3984.00,44,42,44,44,0.9,62
05/13/18,12:52:27,3984.00,44,42,44,44,0.9,62
05/13/18,12:52:28,3984.00,44,42,44,44,0.9,62
05/13/18,12:52:29,3984.00,44,42,44,44,1.0,62
05/13/18,12:52:30,3984.00,45,42,45,44,0.9,62
05/13/18,12:52:31,3984.00,44,42,45,44,0.9,62
05/13/18,12:52:32,3984.00,44,42,44,44,0.9,62
05/13/18,12:52:33,3984.00,44,42,44,44,0.8,62
05/13/18,12:52:34,3984.00,43,42,45,44,0.9,62
05/13/18,12:52:35,3984.00,44,42,45,44,1.0,62
05/13/18,12:52:36,3984.00,44,42,45,44,0.9,62
05/13/18,12:52:37,3984.00,44,42,44,44,0.9,62
05/13/18,12:52:38,3984.00,44,42,44,44,1.0,62
05/13/18,12:52:39,3984.00,45,42,44,44,0.9,62
05/13/18,12:52:40,3984.00,45,42,44,44,0.9,62
05/13/18,12:52:41,3984.00,44,43,48,46,1.1,62
05/13/18,12:52:42,3984.00,44,42,44,44,1.1,62
05/13/18,12:52:43,3984.00,49,47,49,48,6.1,62
05/13/18,12:52:44,3984.00,52,51,56,62,5.4,62
05/13/18,12:52:45,3984.00,51,50,51,61,4.3,62
05/13/18,12:52:46,3984.00,50,50,52,60,3.2,62
05/13/18,12:52:47,3984.00,62,52,54,52,3.2,62
05/13/18,12:52:48,3984.00,52,52,53,62,3.3,62
05/13/18,12:52:49,3984.00,52,52,54,62,3.1,62
05/13/18,12:52:50,3984.00,54,52,62,54,3.2,62
05/13/18,12:52:51,3984.00,52,54,54,63,3.3,62
05/13/18,12:52:52,3984.00,53,54,55,64,3.2,62
05/13/18,12:52:53,3984.00,56,61,56,55,3.3,62
05/15/18,03:11:00,3983.89,62,65,61,62,3.4,58
05/15/18,03:11:01,3983.89,58,56,59,59,2.1,58
05/15/18,03:11:02,3983.89,58,56,58,59,1.5,58
05/15/18,03:11:03,3983.89,57,55,57,58,1.2,58
